{
    "templates": {
        "systemName": "melonJS",
        "copyright": "Copyright &copy; 2011 - 2021 Olivier Biot",
        "cleverLinks": true,
        "monospaceLinks": false,
        "default" : {
            "outputSourcePath": false,
            "outputSourceFiles": false
        },
        "useCollapsibles": true,
        "logo": {
            "url": "./images/melonjs-logo.png",
            "width": "125px",
            "height": "125px",
            "link": "index.html"
        },
        "name": "melonJS API documentation",
        "css" : ["styles/melonjs-doc.css", "styles/prettify-tomorrow-night-eighties.css"],
        "footerText": " "
    },
    "plugins": ["plugins/markdown"],
        "markdown": {
        "parser": "gfm",
        "hardwrap": false
    },
    "tags": {
        "allowUnknownTags": false,
        "dictionaries": ["jsdoc","closure"]
    },
    "source": {
        "include": ["./README.md", "./src/"],
        "exclude": [],
        "includePattern": ".+\\.js(doc|x)?$",
        "excludePattern": "(^|\\/|\\\\)_"
    },
    "opts": {
        "encoding"      : "utf8",
        "recurse"       : true,
        "lenient"       : false,
        "destination"   : "docs",
        "template"      : "tasks/jsdoc-template"
    }
}
